{"schemaVersion":"1.0","appDefinitionTemplate":{"id":"/providers/Microsoft.PowerApps/apps/","type":"Microsoft.PowerApps/apps","tags":{"primaryDeviceWidth":"1366","primaryDeviceHeight":"768","supportsPortrait":"true","supportsLandscape":"true","primaryFormFactor":"Tablet","publisherVersion":"3.22105.21","minimumRequiredApiVersion":"2.2.0","hasComponent":"true","hasUnlockedComponent":"true","isUnifiedRootApp":"false","sienaVersion":"20221109T171743Z-3.22105.21.0"},"properties":{"appVersion":"2022-11-09T17:17:43Z","lifeCycleId":"Published","createdByClientVersion":{"major":3,"minor":22105,"build":21,"revision":0,"majorRevision":0,"minorRevision":0},"minClientVersion":{"major":3,"minor":22105,"build":21,"revision":0,"majorRevision":0,"minorRevision":0},"backgroundColor":"RGBA(0,176,240,1)","backgroundImageUri":"/1597957677482874221/Ncb32b069-7548-40f7-8e85-3933ffed4f80-logoSmallFile","displayName":"Custom component voorbeeld app","description":"","commitMessage":"","appUris":{"documentUri":{"value":"/1597957677482874221/Na1887751-7828-4410-a5a0-d076c26e2355-document.msapp"},"imageUris":[],"additionalUris":[]},"createdTime":"0001-01-01T00:00:00Z","lastModifiedTime":"0001-01-01T00:00:00Z","sharedGroupsCount":0,"sharedUsersCount":0,"icons":{"smallIconUri":"/1597957677482874221/N79e2fdd9-da1c-4501-b3ec-aa309f688a68-small.png","mediumIconUri":"/1597957677482874221/N9db51297-ad9c-4408-a23c-96ee2c92c8d6-medium.png","largeIconUri":"/1597957677482874221/Ne84c1463-95d9-4114-8ce2-eb41f63433c5-large.png","wideIconUri":"/1597957677482874221/N84a30403-8c44-4d81-bbfb-16c1c88d1ea9-wide.png"},"connectionReferences":{},"databaseReferences":{"default.cds":{"databaseDetails":{"referenceType":"Environmental","environmentName":"default.cds","overrideValues":{"status":"NotSpecified"}},"dataSources":{"Accounts":{"entitySetName":"accounts","logicalName":"account"}},"actions":["providers/PowerPlatform.Governance/Operations/Read"]}},"almMode":"Environment","performanceOptimizationEnabled":true,"canConsumeAppPass":true,"enableModernRuntimeMode":false,"executionRestrictions":{"isTeamsOnly":false,"dataLossPreventionEvaluationResult":{"status":"Compliant","lastEvaluationDate":"2022-11-09T09:02:58.6751094Z","violations":[],"violationsByPolicy":[],"violationErrorMessage":"The app uses the following connectors: shared_commondataservice."}}},"appType":"ClassicCanvasApp","appComponents":[]}}