{"schemaVersion":"1.0","appDefinitionTemplate":{"id":"/providers/Microsoft.PowerApps/apps/","type":"Microsoft.PowerApps/apps","tags":{"primaryDeviceWidth":"1366","primaryDeviceHeight":"768","sienaVersion":"20221108T143520Z-3.22104.22.0","deviceCapabilities":"","supportsPortrait":"true","supportsLandscape":"true","primaryFormFactor":"Tablet","publisherVersion":"3.22104.22","minimumRequiredApiVersion":"2.2.0","hasComponent":"false","hasUnlockedComponent":"false","isUnifiedRootApp":"false"},"properties":{"appVersion":"2022-11-08T14:35:20Z","lifeCycleId":"Published","createdByClientVersion":{"major":3,"minor":22104,"build":22,"revision":0,"majorRevision":0,"minorRevision":0},"minClientVersion":{"major":3,"minor":22104,"build":22,"revision":0,"majorRevision":0,"minorRevision":0},"backgroundColor":"RGBA(0,176,240,1)","backgroundImageUri":"/17971029669433611292/Ne9a9647e-38ba-46a4-9522-0ebd6db8ee3e-logoSmallFile","displayName":"Property checks","description":"","commitMessage":"","appUris":{"documentUri":{"value":"/17971029669433611292/Nef38af3d-c12c-4965-ac69-d2e59ede7870-document.msapp"},"imageUris":[],"additionalUris":[]},"createdTime":"0001-01-01T00:00:00Z","lastModifiedTime":"0001-01-01T00:00:00Z","sharedGroupsCount":0,"sharedUsersCount":0,"icons":{"smallIconUri":"/17971029669433611292/N5336488d-688a-45db-b33b-4c6515f3bb64-small.png","mediumIconUri":"/17971029669433611292/N3d678d95-78aa-467e-b333-4183cb590295-medium.png","largeIconUri":"/17971029669433611292/N83058323-8ed1-4d90-8bd1-ec8d0040b8d0-large.png","wideIconUri":"/17971029669433611292/N5be72772-507f-4f2d-af2d-3a9a6c2c233c-wide.png"},"connectionReferences":{"e7cc6653-e499-47d0-a2f7-edf99e83fb06":{"id":"d364f4b5-d375-4f75-bcd0-4be148b74424","displayName":"Logic flows","iconUri":"https://connectoricons-prod.azureedge.net/releases/v1.0.1534/1.0.1534.2605/logicflows/icon.png","dataSources":["PowerAppsnaarFlow"],"dependencies":["c06a5ee2-cc8a-4843-8894-d1b06c013f11"],"dependents":[],"parameterHints":{"workflowName":{"value":"2af7f73f-4011-4f05-8156-12bee6efcb29"},"workflowEntityId":{"value":"a14e4d96-59a4-ec11-983f-000d3adf93b8"},"c06a5ee2-cc8a-4843-8894-d1b06c013f11":{"value":"shared_office365"}},"parameterHintsV2":{"workflowName":{"value":"2af7f73f-4011-4f05-8156-12bee6efcb29"},"workflowEntityId":{"value":"a14e4d96-59a4-ec11-983f-000d3adf93b8"},"shared_office365":{"value":"c06a5ee2-cc8a-4843-8894-d1b06c013f11"}},"isOnPremiseConnection":false,"bypassConsent":false,"dataSets":{},"apiTier":"Standard","isCustomApiConnection":false,"actions":["Run"],"nestedActions":[{"id":"/providers/Microsoft.PowerApps/apis/shared_office365/apiOperations/SendEmailV2","apiName":"Office 365 Outlook","actionName":"SendEmailV2","referencedResources":[]}]},"c06a5ee2-cc8a-4843-8894-d1b06c013f11":{"id":"f940d100-7d89-4356-b8dd-f6f9b27f4a74","displayName":"Office 365 Outlook","iconUri":"https://connectoricons-prod.azureedge.net/releases/v1.0.1599/1.0.1599.3017/office365/icon.png","dataSources":[],"dependencies":[],"dependents":["e7cc6653-e499-47d0-a2f7-edf99e83fb06"],"parameterHints":{},"parameterHintsV2":{},"isOnPremiseConnection":false,"bypassConsent":false,"dataSets":{},"apiTier":"Standard","isCustomApiConnection":false}},"databaseReferences":{},"almMode":"Solution","performanceOptimizationEnabled":true,"canConsumeAppPass":true,"enableModernRuntimeMode":false,"executionRestrictions":{"isTeamsOnly":false,"dataLossPreventionEvaluationResult":{"status":"Compliant","lastEvaluationDate":"2022-11-08T14:36:09.7132418Z","violations":[],"violationsByPolicy":[],"violationErrorMessage":"The app uses the following connectors: shared_logicflows, shared_office365."},"httpActionRestriction":{"appUsesSharepointHttpAction":false,"enforcementStrategy":"Legacy","evaluationTime":"2022-11-08T14:36:09.7131287Z"}}},"appType":"ClassicCanvasApp","appComponents":[]}}