{"schemaVersion":"1.0","appDefinitionTemplate":{"id":"/providers/Microsoft.PowerApps/apps/","type":"Microsoft.PowerApps/apps","tags":{"primaryDeviceWidth":"1366","primaryDeviceHeight":"768","supportsPortrait":"true","supportsLandscape":"true","primaryFormFactor":"Tablet","publisherVersion":"3.22105.21","minimumRequiredApiVersion":"2.2.0","hasComponent":"false","hasUnlockedComponent":"false","isUnifiedRootApp":"false","sienaVersion":"20221109T134107Z-3.22105.21.0"},"properties":{"appVersion":"2022-11-09T13:41:07Z","lifeCycleId":"Published","createdByClientVersion":{"major":3,"minor":22105,"build":21,"revision":0,"majorRevision":0,"minorRevision":0},"minClientVersion":{"major":3,"minor":22105,"build":21,"revision":0,"majorRevision":0,"minorRevision":0},"backgroundColor":"RGBA(0,176,240,1)","backgroundImageUri":"/1597957677482874221/Nb9b77e90-919e-4478-a136-bafa23680503-logoSmallFile","displayName":"Debugging voorbeeld app","description":"","commitMessage":"","appUris":{"documentUri":{"value":"/1597957677482874221/Nd14e7245-e2c0-4bdd-b193-8cfa73346fde-document.msapp"},"imageUris":[],"additionalUris":[]},"createdTime":"0001-01-01T00:00:00Z","lastModifiedTime":"0001-01-01T00:00:00Z","sharedGroupsCount":0,"sharedUsersCount":0,"icons":{"smallIconUri":"/1597957677482874221/Ne2295dae-71b1-4eb9-911d-834a3f85a28d-small.png","mediumIconUri":"/1597957677482874221/N8c5409c0-2efa-4df2-ae7c-0a5be9a8e906-medium.png","largeIconUri":"/1597957677482874221/Nd6cb11c1-88d0-4448-9bb0-38f45ac12dff-large.png","wideIconUri":"/1597957677482874221/N58e61a3f-41ae-4d5f-877a-0be01bc66228-wide.png"},"connectionReferences":{},"databaseReferences":{"default.cds":{"databaseDetails":{"referenceType":"Environmental","environmentName":"default.cds","overrideValues":{"status":"NotSpecified"}},"dataSources":{"Accounts":{"entitySetName":"accounts","logicalName":"account"}},"actions":["providers/PowerPlatform.Governance/Operations/Read"]}},"almMode":"Environment","performanceOptimizationEnabled":true,"canConsumeAppPass":true,"enableModernRuntimeMode":false,"executionRestrictions":{"isTeamsOnly":false,"dataLossPreventionEvaluationResult":{"status":"Compliant","lastEvaluationDate":"2022-11-09T09:02:58.6751094Z","violations":[],"violationsByPolicy":[],"violationErrorMessage":"The app uses the following connectors: shared_commondataservice."}}},"appType":"ClassicCanvasApp","appComponents":[]}}