{"name":"ef786457-d37c-75b7-2da8-a8da3da9fc96","id":"/providers/Microsoft.Flow/flows/ef786457-d37c-75b7-2da8-a8da3da9fc96","type":"Microsoft.Flow/flows","properties":{"apiId":"/providers/Microsoft.PowerApps/apis/shared_logicflows","displayName":"PowerApps naar Flow","definition":{"metadata":{"workflowEntityId":"a14e4d96-59a4-ec11-983f-000d3adf93b8","processAdvisorMetadata":null,"flowclientsuspensionreason":"None","flowclientsuspensiontime":null,"creator":{"id":"16e3aed5-5519-4163-8eb8-35e2610d9d70","type":"User","tenantId":"c69599cb-a28d-4462-8b10-e56da29e2b05"},"provisioningMethod":"FromDefinition","failureAlertSubscription":true,"clientLastModifiedTime":"2022-04-05T14:43:44.9302595Z","flowclientsuspensionreasondetails":null},"$schema":"https://schema.management.azure.com/providers/Microsoft.Logic/schemas/2016-06-01/workflowdefinition.json#","contentVersion":"1.0.0.0","parameters":{"$connections":{"defaultValue":{},"type":"Object"},"$authentication":{"defaultValue":{},"type":"SecureObject"}},"triggers":{"manual":{"metadata":{"operationMetadataId":"187658d8-0a6d-4225-a2eb-985746ff5571"},"type":"Request","kind":"PowerApp","inputs":{"schema":{"type":"object","properties":{"Sendanemail(V2)_Body":{"type":"string","format":"html","description":"Specify the body of the mail. This parameter is used as part of \"A10276A0-2A6C-4016-99A3-D4BFB2F68B87\"","x-ms-powerflows-param-ispartial":true}},"required":["Sendanemail(V2)_Body"]}}}},"actions":{"Send_an_email_(V2)":{"runAfter":{},"metadata":{"operationMetadataId":"76940afe-d531-4a34-8dee-8c625ac9da59"},"type":"OpenApiConnection","inputs":{"host":{"apiId":"/providers/Microsoft.PowerApps/apis/shared_office365","connectionName":"shared_office365_1","operationId":"SendEmailV2"},"parameters":{"emailMessage/To":"info@stijnjanssen.nl","emailMessage/Subject":"@triggerBody()['Sendanemail(V2)_Body']","emailMessage/Body":"<p>@{triggerBody()['Sendanemail(V2)_Body']}</p>"},"authentication":{"value":"@json(decodeBase64(triggerOutputs().headers['X-MS-APIM-Tokens']))['$ConnectionKey']","type":"Raw"}}}},"outputs":{}},"connectionReferences":{"shared_office365_1":{"connectionName":"shared-office365-2323ca56-b19d-4a2d-b321-45497625fb08","source":"Invoker","id":"/providers/Microsoft.PowerApps/apis/shared_office365","tier":"NotSpecified"}},"flowFailureAlertSubscribed":false,"isManaged":false}}