{"schemaVersion":"1.0","appDefinitionTemplate":{"id":"/providers/Microsoft.PowerApps/apps/","type":"Microsoft.PowerApps/apps","tags":{"primaryDeviceWidth":"1366","primaryDeviceHeight":"768","supportsPortrait":"true","supportsLandscape":"true","primaryFormFactor":"Tablet","publisherVersion":"3.22105.21","minimumRequiredApiVersion":"2.2.0","hasComponent":"true","hasUnlockedComponent":"false","isUnifiedRootApp":"false","sienaVersion":"20221109T210656Z-3.22105.21.0"},"properties":{"appVersion":"2022-11-09T21:06:56Z","lifeCycleId":"Published","createdByClientVersion":{"major":3,"minor":22105,"build":21,"revision":0,"majorRevision":0,"minorRevision":0},"minClientVersion":{"major":3,"minor":22105,"build":21,"revision":0,"majorRevision":0,"minorRevision":0},"backgroundColor":"RGBA(0,176,240,1)","backgroundImageUri":"/10660573593633313302/Nf9bb1565-eced-436c-9687-34532cd03731-logoSmallFile","displayName":"Custom component library vb app","description":"","commitMessage":"","appUris":{"documentUri":{"value":"/10660573593633313302/Na44e72c1-f57d-4054-b39f-b17ef32c1227-document.msapp"},"imageUris":[],"additionalUris":[]},"createdTime":"0001-01-01T00:00:00Z","lastModifiedTime":"0001-01-01T00:00:00Z","sharedGroupsCount":0,"sharedUsersCount":0,"icons":{"smallIconUri":"/10660573593633313302/N6a6770da-745c-4b31-aa73-4bac9b998e22-small.png","mediumIconUri":"/10660573593633313302/Nfabf2091-5aca-4b5a-b06e-690f600d2625-medium.png","largeIconUri":"/10660573593633313302/N0ea64051-4cd8-4a39-922f-5b820e79748a-large.png","wideIconUri":"/10660573593633313302/N9da5c6c2-4696-473e-899b-786bc7aa3ff2-wide.png"},"connectionReferences":{},"databaseReferences":{},"almMode":"Environment","performanceOptimizationEnabled":true,"canConsumeAppPass":true,"enableModernRuntimeMode":false,"executionRestrictions":{"isTeamsOnly":false,"dataLossPreventionEvaluationResult":{"status":"Compliant","lastEvaluationDate":"2022-11-09T21:07:05.6462182Z","violations":[],"violationsByPolicy":[],"violationErrorMessage":"The app uses the following connectors: ."}}},"appType":"ClassicCanvasApp","appComponents":[]}}